Clinic,Supplier,Material
N0001,Supplier 1,Material 17
N0001,Supplier 1,Material 24
N0001,Supplier 1,Material 25
N0001,Supplier 1,Material 27
N0001,Supplier 2,Material 30
N0001,Supplier 6,Material 28
N0001,Supplier 6,Material 29
N0001,Supplier 8,Material 11
N0001,Supplier 8,Material 19
N0001,Supplier 13,Material 1
N0001,Supplier 13,Material 10
N0001,Supplier 13,Material 12
N0001,Supplier 13,Material 14
N0001,Supplier 13,Material 15
N0001,Supplier 13,Material 16
N0001,Supplier 13,Material 18
N0001,Supplier 13,Material 2
N0001,Supplier 13,Material 20
N0001,Supplier 13,Material 21
N0001,Supplier 13,Material 22
N0001,Supplier 13,Material 23
N0001,Supplier 13,Material 26
N0001,Supplier 13,Material 3
N0001,Supplier 13,Material 4
N0001,Supplier 13,Material 5
N0001,Supplier 13,Material 6
N0001,Supplier 13,Material 7
N0001,Supplier 13,Material 8
N0001,Supplier 13,Material 9
N0001,Supplier 20,Material 13
N20000,Supplier 1,Material 17
N20000,Supplier 1,Material 25
N20000,Supplier 2,Material 24
N20000,Supplier 2,Material 30
N20000,Supplier 6,Material 29
N20000,Supplier 7,Material 15
N20000,Supplier 7,Material 19
N20000,Supplier 7,Material 27
N20000,Supplier 7,Material 28
N20000,Supplier 15,Material 11
N20000,Supplier 15,Material 12
N20000,Supplier 15,Material 13
N20000,Supplier 15,Material 3
N20000,Supplier 15,Material 9
N20000,Supplier 18,Material 1
N20000,Supplier 18,Material 10
N20000,Supplier 18,Material 14
N20000,Supplier 18,Material 16
N20000,Supplier 18,Material 18
N20000,Supplier 18,Material 2
N20000,Supplier 18,Material 20
N20000,Supplier 18,Material 21
N20000,Supplier 18,Material 22
N20000,Supplier 18,Material 23
N20000,Supplier 18,Material 26
N20000,Supplier 18,Material 4
N20000,Supplier 18,Material 5
N20000,Supplier 18,Material 6
N20000,Supplier 18,Material 7
N20000,Supplier 18,Material 8
N20022,Supplier 1,Material 17
N20022,Supplier 1,Material 25
N20022,Supplier 2,Material 30
N20022,Supplier 3,Material 10
N20022,Supplier 3,Material 24
N20022,Supplier 3,Material 9
N20022,Supplier 6,Material 28
N20022,Supplier 6,Material 29
N20022,Supplier 8,Material 11
N20022,Supplier 8,Material 19
N20022,Supplier 8,Material 27
N20022,Supplier 8,Material 3
N20022,Supplier 13,Material 1
N20022,Supplier 13,Material 12
N20022,Supplier 13,Material 14
N20022,Supplier 13,Material 15
N20022,Supplier 13,Material 16
N20022,Supplier 13,Material 18
N20022,Supplier 13,Material 2
N20022,Supplier 13,Material 20
N20022,Supplier 13,Material 21
N20022,Supplier 13,Material 22
N20022,Supplier 13,Material 23
N20022,Supplier 13,Material 26
N20022,Supplier 13,Material 4
N20022,Supplier 13,Material 5
N20022,Supplier 13,Material 6
N20022,Supplier 13,Material 7
N20022,Supplier 13,Material 8
N20022,Supplier 20,Material 13
N20221,Supplier 1,Material 17
N20221,Supplier 1,Material 25
N20221,Supplier 2,Material 24
N20221,Supplier 2,Material 30
N20221,Supplier 6,Material 29
N20221,Supplier 7,Material 27
N20221,Supplier 15,Material 12
N20221,Supplier 15,Material 13
N20221,Supplier 18,Material 1
N20221,Supplier 18,Material 10
N20221,Supplier 18,Material 11
N20221,Supplier 18,Material 14
N20221,Supplier 18,Material 15
N20221,Supplier 18,Material 16
N20221,Supplier 18,Material 18
N20221,Supplier 18,Material 19
N20221,Supplier 18,Material 2
N20221,Supplier 18,Material 20
N20221,Supplier 18,Material 21
N20221,Supplier 18,Material 22
N20221,Supplier 18,Material 23
N20221,Supplier 18,Material 26
N20221,Supplier 18,Material 28
N20221,Supplier 18,Material 3
N20221,Supplier 18,Material 4
N20221,Supplier 18,Material 5
N20221,Supplier 18,Material 6
N20221,Supplier 18,Material 7
N20221,Supplier 18,Material 8
N20221,Supplier 18,Material 9
N20224,Supplier 1,Material 17
N20224,Supplier 1,Material 25
N20224,Supplier 2,Material 10
N20224,Supplier 2,Material 11
N20224,Supplier 2,Material 24
N20224,Supplier 2,Material 28
N20224,Supplier 2,Material 3
N20224,Supplier 2,Material 30
N20224,Supplier 3,Material 12
N20224,Supplier 3,Material 9
N20224,Supplier 10,Material 1
N20224,Supplier 10,Material 13
N20224,Supplier 10,Material 14
N20224,Supplier 10,Material 16
N20224,Supplier 10,Material 18
N20224,Supplier 10,Material 19
N20224,Supplier 10,Material 2
N20224,Supplier 10,Material 20
N20224,Supplier 10,Material 21
N20224,Supplier 10,Material 22
N20224,Supplier 10,Material 23
N20224,Supplier 10,Material 26
N20224,Supplier 10,Material 27
N20224,Supplier 10,Material 29
N20224,Supplier 10,Material 4
N20224,Supplier 10,Material 5
N20224,Supplier 10,Material 6
N20224,Supplier 10,Material 7
N20224,Supplier 10,Material 8
N20224,Supplier 18,Material 15
N20255,Supplier 5,Material 1
N20255,Supplier 5,Material 10
N20255,Supplier 5,Material 11
N20255,Supplier 5,Material 14
N20255,Supplier 5,Material 15
N20255,Supplier 5,Material 16
N20255,Supplier 5,Material 17
N20255,Supplier 5,Material 18
N20255,Supplier 5,Material 19
N20255,Supplier 5,Material 2
N20255,Supplier 5,Material 20
N20255,Supplier 5,Material 21
N20255,Supplier 5,Material 22
N20255,Supplier 5,Material 23
N20255,Supplier 5,Material 24
N20255,Supplier 5,Material 26
N20255,Supplier 5,Material 28
N20255,Supplier 5,Material 3
N20255,Supplier 5,Material 4
N20255,Supplier 5,Material 5
N20255,Supplier 5,Material 6
N20255,Supplier 5,Material 7
N20255,Supplier 5,Material 8
N20255,Supplier 5,Material 9
N20255,Supplier 9,Material 25
N20255,Supplier 19,Material 12
N20255,Supplier 19,Material 27
N20255,Supplier 19,Material 29
N20255,Supplier 19,Material 30
N20255,Supplier 20,Material 13
N20501,Supplier 1,Material 17
N20501,Supplier 1,Material 25
N20501,Supplier 2,Material 30
N20501,Supplier 3,Material 9
N20501,Supplier 6,Material 29
N20501,Supplier 8,Material 19
N20501,Supplier 13,Material 1
N20501,Supplier 13,Material 10
N20501,Supplier 13,Material 12
N20501,Supplier 13,Material 14
N20501,Supplier 13,Material 15
N20501,Supplier 13,Material 16
N20501,Supplier 13,Material 18
N20501,Supplier 13,Material 2
N20501,Supplier 13,Material 20
N20501,Supplier 13,Material 21
N20501,Supplier 13,Material 22
N20501,Supplier 13,Material 23
N20501,Supplier 13,Material 26
N20501,Supplier 13,Material 3
N20501,Supplier 13,Material 4
N20501,Supplier 13,Material 5
N20501,Supplier 13,Material 6
N20501,Supplier 13,Material 7
N20501,Supplier 13,Material 8
N20501,Supplier 16,Material 24
N20501,Supplier 17,Material 11
N20501,Supplier 17,Material 27
N20501,Supplier 17,Material 28
N20501,Supplier 20,Material 13
N2059,Supplier 4,Material 28
N2059,Supplier 4,Material 9
N2059,Supplier 9,Material 25
N2059,Supplier 12,Material 1
N2059,Supplier 12,Material 10
N2059,Supplier 12,Material 11
N2059,Supplier 12,Material 14
N2059,Supplier 12,Material 16
N2059,Supplier 12,Material 17
N2059,Supplier 12,Material 18
N2059,Supplier 12,Material 2
N2059,Supplier 12,Material 20
N2059,Supplier 12,Material 21
N2059,Supplier 12,Material 22
N2059,Supplier 12,Material 23
N2059,Supplier 12,Material 26
N2059,Supplier 12,Material 4
N2059,Supplier 12,Material 5
N2059,Supplier 12,Material 6
N2059,Supplier 12,Material 7
N2059,Supplier 12,Material 8
N2059,Supplier 14,Material 15
N2059,Supplier 14,Material 24
N2059,Supplier 14,Material 29
N2059,Supplier 14,Material 3
N2059,Supplier 19,Material 12
N2059,Supplier 19,Material 19
N2059,Supplier 19,Material 27
N2059,Supplier 19,Material 30
N2059,Supplier 20,Material 13
N20652,Supplier 1,Material 17
N20652,Supplier 1,Material 25
N20652,Supplier 2,Material 10
N20652,Supplier 2,Material 24
N20652,Supplier 2,Material 27
N20652,Supplier 2,Material 28
N20652,Supplier 2,Material 3
N20652,Supplier 2,Material 30
N20652,Supplier 10,Material 29
N20652,Supplier 15,Material 12
N20652,Supplier 15,Material 13
N20652,Supplier 18,Material 1
N20652,Supplier 18,Material 11
N20652,Supplier 18,Material 14
N20652,Supplier 18,Material 15
N20652,Supplier 18,Material 16
N20652,Supplier 18,Material 18
N20652,Supplier 18,Material 19
N20652,Supplier 18,Material 2
N20652,Supplier 18,Material 20
N20652,Supplier 18,Material 21
N20652,Supplier 18,Material 22
N20652,Supplier 18,Material 23
N20652,Supplier 18,Material 26
N20652,Supplier 18,Material 4
N20652,Supplier 18,Material 5
N20652,Supplier 18,Material 6
N20652,Supplier 18,Material 7
N20652,Supplier 18,Material 8
N20652,Supplier 18,Material 9
N20761,Supplier 1,Material 17
N20761,Supplier 4,Material 1
N20761,Supplier 4,Material 10
N20761,Supplier 4,Material 14
N20761,Supplier 4,Material 18
N20761,Supplier 4,Material 2
N20761,Supplier 4,Material 20
N20761,Supplier 4,Material 21
N20761,Supplier 4,Material 22
N20761,Supplier 4,Material 23
N20761,Supplier 4,Material 26
N20761,Supplier 4,Material 28
N20761,Supplier 4,Material 4
N20761,Supplier 4,Material 5
N20761,Supplier 4,Material 6
N20761,Supplier 4,Material 7
N20761,Supplier 4,Material 8
N20761,Supplier 4,Material 9
N20761,Supplier 9,Material 19
N20761,Supplier 9,Material 25
N20761,Supplier 12,Material 11
N20761,Supplier 14,Material 15
N20761,Supplier 14,Material 16
N20761,Supplier 14,Material 24
N20761,Supplier 14,Material 29
N20761,Supplier 14,Material 3
N20761,Supplier 19,Material 12
N20761,Supplier 19,Material 27
N20761,Supplier 19,Material 30
N20761,Supplier 20,Material 13
N21131,Supplier 1,Material 10
N21131,Supplier 1,Material 11
N21131,Supplier 1,Material 17
N21131,Supplier 1,Material 25
N21131,Supplier 6,Material 29
N21131,Supplier 6,Material 30
N21131,Supplier 8,Material 19
N21131,Supplier 9,Material 3
N21131,Supplier 13,Material 1
N21131,Supplier 13,Material 12
N21131,Supplier 13,Material 14
N21131,Supplier 13,Material 15
N21131,Supplier 13,Material 16
N21131,Supplier 13,Material 18
N21131,Supplier 13,Material 2
N21131,Supplier 13,Material 20
N21131,Supplier 13,Material 21
N21131,Supplier 13,Material 22
N21131,Supplier 13,Material 23
N21131,Supplier 13,Material 26
N21131,Supplier 13,Material 4
N21131,Supplier 13,Material 5
N21131,Supplier 13,Material 6
N21131,Supplier 13,Material 7
N21131,Supplier 13,Material 8
N21131,Supplier 13,Material 9
N21131,Supplier 16,Material 24
N21131,Supplier 17,Material 27
N21131,Supplier 17,Material 28
N21131,Supplier 20,Material 13
N21211,Supplier 1,Material 17
N21211,Supplier 1,Material 25
N21211,Supplier 6,Material 29
N21211,Supplier 7,Material 15
N21211,Supplier 7,Material 19
N21211,Supplier 7,Material 27
N21211,Supplier 7,Material 28
N21211,Supplier 11,Material 30
N21211,Supplier 15,Material 1
N21211,Supplier 15,Material 10
N21211,Supplier 15,Material 11
N21211,Supplier 15,Material 12
N21211,Supplier 15,Material 13
N21211,Supplier 15,Material 14
N21211,Supplier 15,Material 16
N21211,Supplier 15,Material 18
N21211,Supplier 15,Material 2
N21211,Supplier 15,Material 20
N21211,Supplier 15,Material 21
N21211,Supplier 15,Material 22
N21211,Supplier 15,Material 23
N21211,Supplier 15,Material 24
N21211,Supplier 15,Material 26
N21211,Supplier 15,Material 3
N21211,Supplier 15,Material 4
N21211,Supplier 15,Material 5
N21211,Supplier 15,Material 6
N21211,Supplier 15,Material 7
N21211,Supplier 15,Material 8
N21211,Supplier 15,Material 9
N21221,Supplier 1,Material 10
N21221,Supplier 1,Material 11
N21221,Supplier 1,Material 17
N21221,Supplier 1,Material 25
N21221,Supplier 7,Material 27
N21221,Supplier 11,Material 30
N21221,Supplier 15,Material 12
N21221,Supplier 15,Material 19
N21221,Supplier 15,Material 3
N21221,Supplier 16,Material 1
N21221,Supplier 16,Material 14
N21221,Supplier 16,Material 15
N21221,Supplier 16,Material 16
N21221,Supplier 16,Material 18
N21221,Supplier 16,Material 2
N21221,Supplier 16,Material 20
N21221,Supplier 16,Material 21
N21221,Supplier 16,Material 22
N21221,Supplier 16,Material 23
N21221,Supplier 16,Material 24
N21221,Supplier 16,Material 26
N21221,Supplier 16,Material 28
N21221,Supplier 16,Material 4
N21221,Supplier 16,Material 5
N21221,Supplier 16,Material 6
N21221,Supplier 16,Material 7
N21221,Supplier 16,Material 8
N21221,Supplier 16,Material 9
N21221,Supplier 20,Material 13
N21221,Supplier 20,Material 29
N21322,Supplier 1,Material 17
N21322,Supplier 4,Material 9
N21322,Supplier 9,Material 16
N21322,Supplier 9,Material 19
N21322,Supplier 9,Material 25
N21322,Supplier 9,Material 29
N21322,Supplier 9,Material 3
N21322,Supplier 17,Material 1
N21322,Supplier 17,Material 10
N21322,Supplier 17,Material 11
N21322,Supplier 17,Material 12
N21322,Supplier 17,Material 14
N21322,Supplier 17,Material 15
N21322,Supplier 17,Material 18
N21322,Supplier 17,Material 2
N21322,Supplier 17,Material 20
N21322,Supplier 17,Material 21
N21322,Supplier 17,Material 22
N21322,Supplier 17,Material 23
N21322,Supplier 17,Material 24
N21322,Supplier 17,Material 26
N21322,Supplier 17,Material 27
N21322,Supplier 17,Material 28
N21322,Supplier 17,Material 4
N21322,Supplier 17,Material 5
N21322,Supplier 17,Material 6
N21322,Supplier 17,Material 7
N21322,Supplier 17,Material 8
N21322,Supplier 19,Material 30
N21322,Supplier 20,Material 13
N21341,Supplier 1,Material 25
N21341,Supplier 2,Material 10
N21341,Supplier 2,Material 24
N21341,Supplier 2,Material 28
N21341,Supplier 2,Material 30
N21341,Supplier 3,Material 12
N21341,Supplier 3,Material 15
N21341,Supplier 3,Material 9
N21341,Supplier 10,Material 1
N21341,Supplier 10,Material 11
N21341,Supplier 10,Material 13
N21341,Supplier 10,Material 14
N21341,Supplier 10,Material 16
N21341,Supplier 10,Material 17
N21341,Supplier 10,Material 18
N21341,Supplier 10,Material 19
N21341,Supplier 10,Material 2
N21341,Supplier 10,Material 20
N21341,Supplier 10,Material 21
N21341,Supplier 10,Material 22
N21341,Supplier 10,Material 23
N21341,Supplier 10,Material 26
N21341,Supplier 10,Material 27
N21341,Supplier 10,Material 29
N21341,Supplier 10,Material 3
N21341,Supplier 10,Material 4
N21341,Supplier 10,Material 5
N21341,Supplier 10,Material 6
N21341,Supplier 10,Material 7
N21341,Supplier 10,Material 8
N21533,Supplier 1,Material 1
N21533,Supplier 1,Material 10
N21533,Supplier 1,Material 11
N21533,Supplier 1,Material 14
N21533,Supplier 1,Material 16
N21533,Supplier 1,Material 17
N21533,Supplier 1,Material 18
N21533,Supplier 1,Material 2
N21533,Supplier 1,Material 20
N21533,Supplier 1,Material 21
N21533,Supplier 1,Material 22
N21533,Supplier 1,Material 23
N21533,Supplier 1,Material 24
N21533,Supplier 1,Material 25
N21533,Supplier 1,Material 26
N21533,Supplier 1,Material 27
N21533,Supplier 1,Material 4
N21533,Supplier 1,Material 5
N21533,Supplier 1,Material 6
N21533,Supplier 1,Material 7
N21533,Supplier 1,Material 8
N21533,Supplier 6,Material 28
N21533,Supplier 6,Material 29
N21533,Supplier 6,Material 30
N21533,Supplier 8,Material 19
N21533,Supplier 13,Material 15
N21533,Supplier 15,Material 12
N21533,Supplier 15,Material 13
N21533,Supplier 15,Material 3
N21533,Supplier 15,Material 9
N21701,Supplier 1,Material 1
N21701,Supplier 1,Material 10
N21701,Supplier 1,Material 11
N21701,Supplier 1,Material 14
N21701,Supplier 1,Material 16
N21701,Supplier 1,Material 17
N21701,Supplier 1,Material 18
N21701,Supplier 1,Material 2
N21701,Supplier 1,Material 20
N21701,Supplier 1,Material 21
N21701,Supplier 1,Material 22
N21701,Supplier 1,Material 23
N21701,Supplier 1,Material 24
N21701,Supplier 1,Material 25
N21701,Supplier 1,Material 26
N21701,Supplier 1,Material 27
N21701,Supplier 1,Material 4
N21701,Supplier 1,Material 5
N21701,Supplier 1,Material 6
N21701,Supplier 1,Material 7
N21701,Supplier 1,Material 8
N21701,Supplier 6,Material 28
N21701,Supplier 6,Material 29
N21701,Supplier 6,Material 30
N21701,Supplier 8,Material 19
N21701,Supplier 13,Material 12
N21701,Supplier 13,Material 15
N21701,Supplier 13,Material 9
N21701,Supplier 15,Material 3
N21701,Supplier 20,Material 13
N22002,Supplier 1,Material 1
N22002,Supplier 1,Material 10
N22002,Supplier 1,Material 11
N22002,Supplier 1,Material 14
N22002,Supplier 1,Material 16
N22002,Supplier 1,Material 17
N22002,Supplier 1,Material 18
N22002,Supplier 1,Material 2
N22002,Supplier 1,Material 20
N22002,Supplier 1,Material 21
N22002,Supplier 1,Material 22
N22002,Supplier 1,Material 23
N22002,Supplier 1,Material 25
N22002,Supplier 1,Material 26
N22002,Supplier 1,Material 27
N22002,Supplier 1,Material 4
N22002,Supplier 1,Material 5
N22002,Supplier 1,Material 6
N22002,Supplier 1,Material 7
N22002,Supplier 1,Material 8
N22002,Supplier 6,Material 29
N22002,Supplier 6,Material 30
N22002,Supplier 8,Material 19
N22002,Supplier 13,Material 15
N22002,Supplier 15,Material 12
N22002,Supplier 15,Material 3
N22002,Supplier 16,Material 24
N22002,Supplier 16,Material 28
N22002,Supplier 16,Material 9
N22002,Supplier 20,Material 13
N22323,Supplier 6,Material 29
N22323,Supplier 7,Material 17
N22323,Supplier 7,Material 24
N22323,Supplier 7,Material 27
N22323,Supplier 7,Material 28
N22323,Supplier 11,Material 1
N22323,Supplier 11,Material 10
N22323,Supplier 11,Material 14
N22323,Supplier 11,Material 15
N22323,Supplier 11,Material 16
N22323,Supplier 11,Material 18
N22323,Supplier 11,Material 19
N22323,Supplier 11,Material 2
N22323,Supplier 11,Material 20
N22323,Supplier 11,Material 21
N22323,Supplier 11,Material 22
N22323,Supplier 11,Material 23
N22323,Supplier 11,Material 25
N22323,Supplier 11,Material 26
N22323,Supplier 11,Material 3
N22323,Supplier 11,Material 30
N22323,Supplier 11,Material 4
N22323,Supplier 11,Material 5
N22323,Supplier 11,Material 6
N22323,Supplier 11,Material 7
N22323,Supplier 11,Material 8
N22323,Supplier 15,Material 11
N22323,Supplier 15,Material 12
N22323,Supplier 15,Material 13
N22323,Supplier 15,Material 9
N22911,Supplier 1,Material 17
N22911,Supplier 1,Material 25
N22911,Supplier 2,Material 1
N22911,Supplier 2,Material 10
N22911,Supplier 2,Material 11
N22911,Supplier 2,Material 14
N22911,Supplier 2,Material 18
N22911,Supplier 2,Material 2
N22911,Supplier 2,Material 20
N22911,Supplier 2,Material 21
N22911,Supplier 2,Material 22
N22911,Supplier 2,Material 23
N22911,Supplier 2,Material 24
N22911,Supplier 2,Material 26
N22911,Supplier 2,Material 28
N22911,Supplier 2,Material 3
N22911,Supplier 2,Material 30
N22911,Supplier 2,Material 4
N22911,Supplier 2,Material 5
N22911,Supplier 2,Material 6
N22911,Supplier 2,Material 7
N22911,Supplier 2,Material 8
N22911,Supplier 3,Material 12
N22911,Supplier 3,Material 9
N22911,Supplier 10,Material 13
N22911,Supplier 10,Material 16
N22911,Supplier 10,Material 19
N22911,Supplier 10,Material 27
N22911,Supplier 10,Material 29
N22911,Supplier 18,Material 15
N2433,Supplier 1,Material 17
N2433,Supplier 1,Material 25
N2433,Supplier 2,Material 30
N2433,Supplier 3,Material 1
N2433,Supplier 3,Material 10
N2433,Supplier 3,Material 11
N2433,Supplier 3,Material 14
N2433,Supplier 3,Material 16
N2433,Supplier 3,Material 18
N2433,Supplier 3,Material 2
N2433,Supplier 3,Material 20
N2433,Supplier 3,Material 21
N2433,Supplier 3,Material 22
N2433,Supplier 3,Material 23
N2433,Supplier 3,Material 24
N2433,Supplier 3,Material 26
N2433,Supplier 3,Material 4
N2433,Supplier 3,Material 5
N2433,Supplier 3,Material 6
N2433,Supplier 3,Material 7
N2433,Supplier 3,Material 8
N2433,Supplier 3,Material 9
N2433,Supplier 8,Material 19
N2433,Supplier 10,Material 29
N2433,Supplier 13,Material 12
N2433,Supplier 13,Material 15
N2433,Supplier 13,Material 3
N2433,Supplier 17,Material 27
N2433,Supplier 17,Material 28
N2433,Supplier 20,Material 13
N2511,Supplier 5,Material 3
N2511,Supplier 9,Material 19
N2511,Supplier 9,Material 25
N2511,Supplier 16,Material 1
N2511,Supplier 16,Material 14
N2511,Supplier 16,Material 15
N2511,Supplier 16,Material 16
N2511,Supplier 16,Material 18
N2511,Supplier 16,Material 2
N2511,Supplier 16,Material 20
N2511,Supplier 16,Material 21
N2511,Supplier 16,Material 22
N2511,Supplier 16,Material 23
N2511,Supplier 16,Material 24
N2511,Supplier 16,Material 26
N2511,Supplier 16,Material 28
N2511,Supplier 16,Material 4
N2511,Supplier 16,Material 5
N2511,Supplier 16,Material 6
N2511,Supplier 16,Material 7
N2511,Supplier 16,Material 8
N2511,Supplier 16,Material 9
N2511,Supplier 19,Material 12
N2511,Supplier 19,Material 27
N2511,Supplier 19,Material 30
N2511,Supplier 20,Material 10
N2511,Supplier 20,Material 11
N2511,Supplier 20,Material 13
N2511,Supplier 20,Material 17
N2511,Supplier 20,Material 29
N26166,Supplier 1,Material 17
N26166,Supplier 4,Material 9
N26166,Supplier 9,Material 1
N26166,Supplier 9,Material 10
N26166,Supplier 9,Material 14
N26166,Supplier 9,Material 15
N26166,Supplier 9,Material 16
N26166,Supplier 9,Material 18
N26166,Supplier 9,Material 19
N26166,Supplier 9,Material 2
N26166,Supplier 9,Material 20
N26166,Supplier 9,Material 21
N26166,Supplier 9,Material 22
N26166,Supplier 9,Material 23
N26166,Supplier 9,Material 25
N26166,Supplier 9,Material 26
N26166,Supplier 9,Material 29
N26166,Supplier 9,Material 3
N26166,Supplier 9,Material 4
N26166,Supplier 9,Material 5
N26166,Supplier 9,Material 6
N26166,Supplier 9,Material 7
N26166,Supplier 9,Material 8
N26166,Supplier 16,Material 24
N26166,Supplier 17,Material 11
N26166,Supplier 17,Material 28
N26166,Supplier 19,Material 12
N26166,Supplier 19,Material 27
N26166,Supplier 19,Material 30
N26166,Supplier 20,Material 13
N2654,Supplier 1,Material 25
N2654,Supplier 11,Material 30
N2654,Supplier 15,Material 12
N2654,Supplier 16,Material 24
N2654,Supplier 16,Material 9
N2654,Supplier 20,Material 1
N2654,Supplier 20,Material 10
N2654,Supplier 20,Material 11
N2654,Supplier 20,Material 13
N2654,Supplier 20,Material 14
N2654,Supplier 20,Material 15
N2654,Supplier 20,Material 16
N2654,Supplier 20,Material 17
N2654,Supplier 20,Material 18
N2654,Supplier 20,Material 19
N2654,Supplier 20,Material 2
N2654,Supplier 20,Material 20
N2654,Supplier 20,Material 21
N2654,Supplier 20,Material 22
N2654,Supplier 20,Material 23
N2654,Supplier 20,Material 26
N2654,Supplier 20,Material 27
N2654,Supplier 20,Material 28
N2654,Supplier 20,Material 29
N2654,Supplier 20,Material 3
N2654,Supplier 20,Material 4
N2654,Supplier 20,Material 5
N2654,Supplier 20,Material 6
N2654,Supplier 20,Material 7
N2654,Supplier 20,Material 8
N2667,Supplier 4,Material 10
N2667,Supplier 4,Material 28
N2667,Supplier 4,Material 9
N2667,Supplier 5,Material 3
N2667,Supplier 9,Material 17
N2667,Supplier 9,Material 25
N2667,Supplier 14,Material 15
N2667,Supplier 14,Material 24
N2667,Supplier 19,Material 1
N2667,Supplier 19,Material 11
N2667,Supplier 19,Material 12
N2667,Supplier 19,Material 14
N2667,Supplier 19,Material 16
N2667,Supplier 19,Material 18
N2667,Supplier 19,Material 19
N2667,Supplier 19,Material 2
N2667,Supplier 19,Material 20
N2667,Supplier 19,Material 21
N2667,Supplier 19,Material 22
N2667,Supplier 19,Material 23
N2667,Supplier 19,Material 26
N2667,Supplier 19,Material 27
N2667,Supplier 19,Material 29
N2667,Supplier 19,Material 30
N2667,Supplier 19,Material 4
N2667,Supplier 19,Material 5
N2667,Supplier 19,Material 6
N2667,Supplier 19,Material 7
N2667,Supplier 19,Material 8
N2667,Supplier 20,Material 13
N28555,Supplier 1,Material 17
N28555,Supplier 4,Material 9
N28555,Supplier 5,Material 1
N28555,Supplier 5,Material 10
N28555,Supplier 5,Material 11
N28555,Supplier 5,Material 14
N28555,Supplier 5,Material 16
N28555,Supplier 5,Material 18
N28555,Supplier 5,Material 19
N28555,Supplier 5,Material 2
N28555,Supplier 5,Material 20
N28555,Supplier 5,Material 21
N28555,Supplier 5,Material 22
N28555,Supplier 5,Material 23
N28555,Supplier 5,Material 26
N28555,Supplier 5,Material 3
N28555,Supplier 5,Material 4
N28555,Supplier 5,Material 5
N28555,Supplier 5,Material 6
N28555,Supplier 5,Material 7
N28555,Supplier 5,Material 8
N28555,Supplier 9,Material 25
N28555,Supplier 16,Material 15
N28555,Supplier 16,Material 24
N28555,Supplier 16,Material 28
N28555,Supplier 19,Material 12
N28555,Supplier 19,Material 27
N28555,Supplier 19,Material 30
N28555,Supplier 20,Material 13
N28555,Supplier 20,Material 29
N2892,Supplier 1,Material 17
N2892,Supplier 1,Material 25
N2892,Supplier 2,Material 1
N2892,Supplier 2,Material 10
N2892,Supplier 2,Material 11
N2892,Supplier 2,Material 12
N2892,Supplier 2,Material 13
N2892,Supplier 2,Material 14
N2892,Supplier 2,Material 16
N2892,Supplier 2,Material 18
N2892,Supplier 2,Material 19
N2892,Supplier 2,Material 2
N2892,Supplier 2,Material 20
N2892,Supplier 2,Material 21
N2892,Supplier 2,Material 22
N2892,Supplier 2,Material 23
N2892,Supplier 2,Material 24
N2892,Supplier 2,Material 26
N2892,Supplier 2,Material 27
N2892,Supplier 2,Material 28
N2892,Supplier 2,Material 29
N2892,Supplier 2,Material 3
N2892,Supplier 2,Material 30
N2892,Supplier 2,Material 4
N2892,Supplier 2,Material 5
N2892,Supplier 2,Material 6
N2892,Supplier 2,Material 7
N2892,Supplier 2,Material 8
N2892,Supplier 2,Material 9
N2892,Supplier 18,Material 15
NZ0611,Supplier 1,Material 17
NZ0611,Supplier 1,Material 25
NZ0611,Supplier 2,Material 24
NZ0611,Supplier 2,Material 30
NZ0611,Supplier 6,Material 28
NZ0611,Supplier 6,Material 29
NZ0611,Supplier 7,Material 27
NZ0611,Supplier 8,Material 19
NZ0611,Supplier 15,Material 12
NZ0611,Supplier 15,Material 13
NZ0611,Supplier 15,Material 3
NZ0611,Supplier 18,Material 1
NZ0611,Supplier 18,Material 10
NZ0611,Supplier 18,Material 11
NZ0611,Supplier 18,Material 14
NZ0611,Supplier 18,Material 15
NZ0611,Supplier 18,Material 16
NZ0611,Supplier 18,Material 18
NZ0611,Supplier 18,Material 2
NZ0611,Supplier 18,Material 20
NZ0611,Supplier 18,Material 21
NZ0611,Supplier 18,Material 22
NZ0611,Supplier 18,Material 23
NZ0611,Supplier 18,Material 26
NZ0611,Supplier 18,Material 4
NZ0611,Supplier 18,Material 5
NZ0611,Supplier 18,Material 6
NZ0611,Supplier 18,Material 7
NZ0611,Supplier 18,Material 8
NZ0611,Supplier 18,Material 9
NZ0618,Supplier 1,Material 17
NZ0618,Supplier 1,Material 25
NZ0618,Supplier 2,Material 30
NZ0618,Supplier 3,Material 1
NZ0618,Supplier 3,Material 10
NZ0618,Supplier 3,Material 11
NZ0618,Supplier 3,Material 12
NZ0618,Supplier 3,Material 14
NZ0618,Supplier 3,Material 15
NZ0618,Supplier 3,Material 16
NZ0618,Supplier 3,Material 18
NZ0618,Supplier 3,Material 19
NZ0618,Supplier 3,Material 2
NZ0618,Supplier 3,Material 20
NZ0618,Supplier 3,Material 21
NZ0618,Supplier 3,Material 22
NZ0618,Supplier 3,Material 23
NZ0618,Supplier 3,Material 24
NZ0618,Supplier 3,Material 26
NZ0618,Supplier 3,Material 27
NZ0618,Supplier 3,Material 28
NZ0618,Supplier 3,Material 4
NZ0618,Supplier 3,Material 5
NZ0618,Supplier 3,Material 6
NZ0618,Supplier 3,Material 7
NZ0618,Supplier 3,Material 8
NZ0618,Supplier 3,Material 9
NZ0618,Supplier 8,Material 3
NZ0618,Supplier 10,Material 29
NZ0618,Supplier 20,Material 13
NZ10111,Supplier 6,Material 29
NZ10111,Supplier 7,Material 17
NZ10111,Supplier 7,Material 24
NZ10111,Supplier 7,Material 27
NZ10111,Supplier 7,Material 28
NZ10111,Supplier 11,Material 1
NZ10111,Supplier 11,Material 10
NZ10111,Supplier 11,Material 14
NZ10111,Supplier 11,Material 15
NZ10111,Supplier 11,Material 16
NZ10111,Supplier 11,Material 18
NZ10111,Supplier 11,Material 19
NZ10111,Supplier 11,Material 2
NZ10111,Supplier 11,Material 20
NZ10111,Supplier 11,Material 21
NZ10111,Supplier 11,Material 22
NZ10111,Supplier 11,Material 23
NZ10111,Supplier 11,Material 25
NZ10111,Supplier 11,Material 26
NZ10111,Supplier 11,Material 3
NZ10111,Supplier 11,Material 30
NZ10111,Supplier 11,Material 4
NZ10111,Supplier 11,Material 5
NZ10111,Supplier 11,Material 6
NZ10111,Supplier 11,Material 7
NZ10111,Supplier 11,Material 8
NZ10111,Supplier 15,Material 11
NZ10111,Supplier 15,Material 12
NZ10111,Supplier 15,Material 13
NZ10111,Supplier 15,Material 9
NZ1071,Supplier 1,Material 10
NZ1071,Supplier 1,Material 11
NZ1071,Supplier 1,Material 17
NZ1071,Supplier 1,Material 25
NZ1071,Supplier 1,Material 27
NZ1071,Supplier 6,Material 28
NZ1071,Supplier 6,Material 29
NZ1071,Supplier 6,Material 30
NZ1071,Supplier 8,Material 19
NZ1071,Supplier 9,Material 3
NZ1071,Supplier 13,Material 1
NZ1071,Supplier 13,Material 12
NZ1071,Supplier 13,Material 14
NZ1071,Supplier 13,Material 15
NZ1071,Supplier 13,Material 16
NZ1071,Supplier 13,Material 18
NZ1071,Supplier 13,Material 2
NZ1071,Supplier 13,Material 20
NZ1071,Supplier 13,Material 21
NZ1071,Supplier 13,Material 22
NZ1071,Supplier 13,Material 23
NZ1071,Supplier 13,Material 26
NZ1071,Supplier 13,Material 4
NZ1071,Supplier 13,Material 5
NZ1071,Supplier 13,Material 6
NZ1071,Supplier 13,Material 7
NZ1071,Supplier 13,Material 8
NZ1071,Supplier 16,Material 24
NZ1071,Supplier 16,Material 9
NZ1071,Supplier 20,Material 13
NZ21044,Supplier 1,Material 17
NZ21044,Supplier 1,Material 25
NZ21044,Supplier 9,Material 3
NZ21044,Supplier 15,Material 12
NZ21044,Supplier 16,Material 1
NZ21044,Supplier 16,Material 14
NZ21044,Supplier 16,Material 15
NZ21044,Supplier 16,Material 16
NZ21044,Supplier 16,Material 18
NZ21044,Supplier 16,Material 2
NZ21044,Supplier 16,Material 20
NZ21044,Supplier 16,Material 21
NZ21044,Supplier 16,Material 22
NZ21044,Supplier 16,Material 23
NZ21044,Supplier 16,Material 24
NZ21044,Supplier 16,Material 26
NZ21044,Supplier 16,Material 27
NZ21044,Supplier 16,Material 28
NZ21044,Supplier 16,Material 30
NZ21044,Supplier 16,Material 4
NZ21044,Supplier 16,Material 5
NZ21044,Supplier 16,Material 6
NZ21044,Supplier 16,Material 7
NZ21044,Supplier 16,Material 8
NZ21044,Supplier 16,Material 9
NZ21044,Supplier 20,Material 10
NZ21044,Supplier 20,Material 11
NZ21044,Supplier 20,Material 13
NZ21044,Supplier 20,Material 19
NZ21044,Supplier 20,Material 29
NZ2120,Supplier 4,Material 28
NZ2120,Supplier 5,Material 1
NZ2120,Supplier 5,Material 10
NZ2120,Supplier 5,Material 11
NZ2120,Supplier 5,Material 14
NZ2120,Supplier 5,Material 15
NZ2120,Supplier 5,Material 16
NZ2120,Supplier 5,Material 17
NZ2120,Supplier 5,Material 18
NZ2120,Supplier 5,Material 19
NZ2120,Supplier 5,Material 2
NZ2120,Supplier 5,Material 20
NZ2120,Supplier 5,Material 21
NZ2120,Supplier 5,Material 22
NZ2120,Supplier 5,Material 23
NZ2120,Supplier 5,Material 24
NZ2120,Supplier 5,Material 26
NZ2120,Supplier 5,Material 3
NZ2120,Supplier 5,Material 4
NZ2120,Supplier 5,Material 5
NZ2120,Supplier 5,Material 6
NZ2120,Supplier 5,Material 7
NZ2120,Supplier 5,Material 8
NZ2120,Supplier 5,Material 9
NZ2120,Supplier 9,Material 25
NZ2120,Supplier 19,Material 12
NZ2120,Supplier 19,Material 27
NZ2120,Supplier 19,Material 29
NZ2120,Supplier 19,Material 30
NZ2120,Supplier 20,Material 13
NZ2313,Supplier 1,Material 17
NZ2313,Supplier 1,Material 25
NZ2313,Supplier 7,Material 15
NZ2313,Supplier 7,Material 27
NZ2313,Supplier 7,Material 28
NZ2313,Supplier 11,Material 19
NZ2313,Supplier 11,Material 30
NZ2313,Supplier 15,Material 1
NZ2313,Supplier 15,Material 11
NZ2313,Supplier 15,Material 12
NZ2313,Supplier 15,Material 14
NZ2313,Supplier 15,Material 16
NZ2313,Supplier 15,Material 18
NZ2313,Supplier 15,Material 2
NZ2313,Supplier 15,Material 20
NZ2313,Supplier 15,Material 21
NZ2313,Supplier 15,Material 22
NZ2313,Supplier 15,Material 23
NZ2313,Supplier 15,Material 26
NZ2313,Supplier 15,Material 3
NZ2313,Supplier 15,Material 4
NZ2313,Supplier 15,Material 5
NZ2313,Supplier 15,Material 6
NZ2313,Supplier 15,Material 7
NZ2313,Supplier 15,Material 8
NZ2313,Supplier 15,Material 9
NZ2313,Supplier 16,Material 24
NZ2313,Supplier 20,Material 10
NZ2313,Supplier 20,Material 13
NZ2313,Supplier 20,Material 29
NZ4140,Supplier 1,Material 25
NZ4140,Supplier 2,Material 30
NZ4140,Supplier 3,Material 10
NZ4140,Supplier 3,Material 11
NZ4140,Supplier 3,Material 12
NZ4140,Supplier 3,Material 15
NZ4140,Supplier 3,Material 24
NZ4140,Supplier 3,Material 28
NZ4140,Supplier 3,Material 9
NZ4140,Supplier 10,Material 1
NZ4140,Supplier 10,Material 13
NZ4140,Supplier 10,Material 14
NZ4140,Supplier 10,Material 16
NZ4140,Supplier 10,Material 17
NZ4140,Supplier 10,Material 18
NZ4140,Supplier 10,Material 19
NZ4140,Supplier 10,Material 2
NZ4140,Supplier 10,Material 20
NZ4140,Supplier 10,Material 21
NZ4140,Supplier 10,Material 22
NZ4140,Supplier 10,Material 23
NZ4140,Supplier 10,Material 26
NZ4140,Supplier 10,Material 27
NZ4140,Supplier 10,Material 29
NZ4140,Supplier 10,Material 3
NZ4140,Supplier 10,Material 4
NZ4140,Supplier 10,Material 5
NZ4140,Supplier 10,Material 6
NZ4140,Supplier 10,Material 7
NZ4140,Supplier 10,Material 8
NZ9811,Supplier 1,Material 17
NZ9811,Supplier 1,Material 25
NZ9811,Supplier 2,Material 30
NZ9811,Supplier 3,Material 1
NZ9811,Supplier 3,Material 10
NZ9811,Supplier 3,Material 11
NZ9811,Supplier 3,Material 12
NZ9811,Supplier 3,Material 14
NZ9811,Supplier 3,Material 15
NZ9811,Supplier 3,Material 16
NZ9811,Supplier 3,Material 18
NZ9811,Supplier 3,Material 2
NZ9811,Supplier 3,Material 20
NZ9811,Supplier 3,Material 21
NZ9811,Supplier 3,Material 22
NZ9811,Supplier 3,Material 23
NZ9811,Supplier 3,Material 24
NZ9811,Supplier 3,Material 26
NZ9811,Supplier 3,Material 28
NZ9811,Supplier 3,Material 4
NZ9811,Supplier 3,Material 5
NZ9811,Supplier 3,Material 6
NZ9811,Supplier 3,Material 7
NZ9811,Supplier 3,Material 8
NZ9811,Supplier 3,Material 9
NZ9811,Supplier 10,Material 13
NZ9811,Supplier 10,Material 19
NZ9811,Supplier 10,Material 27
NZ9811,Supplier 10,Material 29
NZ9811,Supplier 10,Material 3
Q2222,Supplier 1,Material 10
Q2222,Supplier 1,Material 17
Q2222,Supplier 1,Material 24
Q2222,Supplier 1,Material 25
Q2222,Supplier 2,Material 30
Q2222,Supplier 3,Material 9
Q2222,Supplier 6,Material 28
Q2222,Supplier 6,Material 29
Q2222,Supplier 8,Material 1
Q2222,Supplier 8,Material 11
Q2222,Supplier 8,Material 14
Q2222,Supplier 8,Material 16
Q2222,Supplier 8,Material 18
Q2222,Supplier 8,Material 19
Q2222,Supplier 8,Material 2
Q2222,Supplier 8,Material 20
Q2222,Supplier 8,Material 21
Q2222,Supplier 8,Material 22
Q2222,Supplier 8,Material 23
Q2222,Supplier 8,Material 26
Q2222,Supplier 8,Material 27
Q2222,Supplier 8,Material 3
Q2222,Supplier 8,Material 4
Q2222,Supplier 8,Material 5
Q2222,Supplier 8,Material 6
Q2222,Supplier 8,Material 7
Q2222,Supplier 8,Material 8
Q2222,Supplier 13,Material 12
Q2222,Supplier 13,Material 15
Q2222,Supplier 15,Material 13
Q40400,Supplier 1,Material 17
Q40400,Supplier 1,Material 25
Q40400,Supplier 2,Material 1
Q40400,Supplier 2,Material 10
Q40400,Supplier 2,Material 11
Q40400,Supplier 2,Material 14
Q40400,Supplier 2,Material 18
Q40400,Supplier 2,Material 2
Q40400,Supplier 2,Material 20
Q40400,Supplier 2,Material 21
Q40400,Supplier 2,Material 22
Q40400,Supplier 2,Material 23
Q40400,Supplier 2,Material 24
Q40400,Supplier 2,Material 26
Q40400,Supplier 2,Material 27
Q40400,Supplier 2,Material 28
Q40400,Supplier 2,Material 3
Q40400,Supplier 2,Material 30
Q40400,Supplier 2,Material 4
Q40400,Supplier 2,Material 5
Q40400,Supplier 2,Material 6
Q40400,Supplier 2,Material 7
Q40400,Supplier 2,Material 8
Q40400,Supplier 3,Material 12
Q40400,Supplier 3,Material 9
Q40400,Supplier 10,Material 13
Q40400,Supplier 10,Material 16
Q40400,Supplier 10,Material 19
Q40400,Supplier 10,Material 29
Q40400,Supplier 18,Material 15
Q4161,Supplier 4,Material 1
Q4161,Supplier 4,Material 10
Q4161,Supplier 4,Material 14
Q4161,Supplier 4,Material 18
Q4161,Supplier 4,Material 2
Q4161,Supplier 4,Material 20
Q4161,Supplier 4,Material 21
Q4161,Supplier 4,Material 22
Q4161,Supplier 4,Material 23
Q4161,Supplier 4,Material 26
Q4161,Supplier 4,Material 28
Q4161,Supplier 4,Material 4
Q4161,Supplier 4,Material 5
Q4161,Supplier 4,Material 6
Q4161,Supplier 4,Material 7
Q4161,Supplier 4,Material 8
Q4161,Supplier 4,Material 9
Q4161,Supplier 9,Material 16
Q4161,Supplier 9,Material 17
Q4161,Supplier 9,Material 19
Q4161,Supplier 9,Material 24
Q4161,Supplier 9,Material 25
Q4161,Supplier 9,Material 29
Q4161,Supplier 9,Material 3
Q4161,Supplier 14,Material 15
Q4161,Supplier 17,Material 11
Q4161,Supplier 19,Material 12
Q4161,Supplier 19,Material 27
Q4161,Supplier 19,Material 30
Q4161,Supplier 20,Material 13
Q43353,Supplier 1,Material 25
Q43353,Supplier 15,Material 12
Q43353,Supplier 16,Material 24
Q43353,Supplier 16,Material 9
Q43353,Supplier 20,Material 1
Q43353,Supplier 20,Material 10
Q43353,Supplier 20,Material 11
Q43353,Supplier 20,Material 13
Q43353,Supplier 20,Material 14
Q43353,Supplier 20,Material 15
Q43353,Supplier 20,Material 16
Q43353,Supplier 20,Material 17
Q43353,Supplier 20,Material 18
Q43353,Supplier 20,Material 19
Q43353,Supplier 20,Material 2
Q43353,Supplier 20,Material 20
Q43353,Supplier 20,Material 21
Q43353,Supplier 20,Material 22
Q43353,Supplier 20,Material 23
Q43353,Supplier 20,Material 26
Q43353,Supplier 20,Material 27
Q43353,Supplier 20,Material 28
Q43353,Supplier 20,Material 29
Q43353,Supplier 20,Material 3
Q43353,Supplier 20,Material 30
Q43353,Supplier 20,Material 4
Q43353,Supplier 20,Material 5
Q43353,Supplier 20,Material 6
Q43353,Supplier 20,Material 7
Q43353,Supplier 20,Material 8
Q4410,Supplier 1,Material 17
Q4410,Supplier 4,Material 30
Q4410,Supplier 4,Material 9
Q4410,Supplier 9,Material 19
Q4410,Supplier 9,Material 25
Q4410,Supplier 9,Material 29
Q4410,Supplier 9,Material 3
Q4410,Supplier 17,Material 1
Q4410,Supplier 17,Material 10
Q4410,Supplier 17,Material 11
Q4410,Supplier 17,Material 12
Q4410,Supplier 17,Material 14
Q4410,Supplier 17,Material 15
Q4410,Supplier 17,Material 16
Q4410,Supplier 17,Material 18
Q4410,Supplier 17,Material 2
Q4410,Supplier 17,Material 20
Q4410,Supplier 17,Material 21
Q4410,Supplier 17,Material 22
Q4410,Supplier 17,Material 23
Q4410,Supplier 17,Material 24
Q4410,Supplier 17,Material 26
Q4410,Supplier 17,Material 27
Q4410,Supplier 17,Material 28
Q4410,Supplier 17,Material 4
Q4410,Supplier 17,Material 5
Q4410,Supplier 17,Material 6
Q4410,Supplier 17,Material 7
Q4410,Supplier 17,Material 8
Q4410,Supplier 20,Material 13
Q4521,Supplier 4,Material 28
Q4521,Supplier 5,Material 1
Q4521,Supplier 5,Material 10
Q4521,Supplier 5,Material 11
Q4521,Supplier 5,Material 14
Q4521,Supplier 5,Material 15
Q4521,Supplier 5,Material 16
Q4521,Supplier 5,Material 17
Q4521,Supplier 5,Material 18
Q4521,Supplier 5,Material 19
Q4521,Supplier 5,Material 2
Q4521,Supplier 5,Material 20
Q4521,Supplier 5,Material 21
Q4521,Supplier 5,Material 22
Q4521,Supplier 5,Material 23
Q4521,Supplier 5,Material 24
Q4521,Supplier 5,Material 26
Q4521,Supplier 5,Material 3
Q4521,Supplier 5,Material 4
Q4521,Supplier 5,Material 5
Q4521,Supplier 5,Material 6
Q4521,Supplier 5,Material 7
Q4521,Supplier 5,Material 8
Q4521,Supplier 5,Material 9
Q4521,Supplier 9,Material 25
Q4521,Supplier 19,Material 12
Q4521,Supplier 19,Material 27
Q4521,Supplier 19,Material 29
Q4521,Supplier 19,Material 30
Q4521,Supplier 20,Material 13
Q4587,Supplier 1,Material 25
Q4587,Supplier 2,Material 30
Q4587,Supplier 3,Material 10
Q4587,Supplier 3,Material 12
Q4587,Supplier 3,Material 15
Q4587,Supplier 3,Material 24
Q4587,Supplier 3,Material 9
Q4587,Supplier 10,Material 1
Q4587,Supplier 10,Material 11
Q4587,Supplier 10,Material 13
Q4587,Supplier 10,Material 14
Q4587,Supplier 10,Material 16
Q4587,Supplier 10,Material 17
Q4587,Supplier 10,Material 18
Q4587,Supplier 10,Material 19
Q4587,Supplier 10,Material 2
Q4587,Supplier 10,Material 20
Q4587,Supplier 10,Material 21
Q4587,Supplier 10,Material 22
Q4587,Supplier 10,Material 23
Q4587,Supplier 10,Material 26
Q4587,Supplier 10,Material 27
Q4587,Supplier 10,Material 28
Q4587,Supplier 10,Material 29
Q4587,Supplier 10,Material 3
Q4587,Supplier 10,Material 4
Q4587,Supplier 10,Material 5
Q4587,Supplier 10,Material 6
Q4587,Supplier 10,Material 7
Q4587,Supplier 10,Material 8
"Q4601
",Supplier 1,Material 17
"Q4601
",Supplier 1,Material 25
"Q4601
",Supplier 2,Material 24
"Q4601
",Supplier 2,Material 30
"Q4601
",Supplier 6,Material 29
"Q4601
",Supplier 7,Material 19
"Q4601
",Supplier 7,Material 27
"Q4601
",Supplier 15,Material 12
"Q4601
",Supplier 15,Material 13
"Q4601
",Supplier 18,Material 1
"Q4601
",Supplier 18,Material 10
"Q4601
",Supplier 18,Material 11
"Q4601
",Supplier 18,Material 14
"Q4601
",Supplier 18,Material 15
"Q4601
",Supplier 18,Material 16
"Q4601
",Supplier 18,Material 18
"Q4601
",Supplier 18,Material 2
"Q4601
",Supplier 18,Material 20
"Q4601
",Supplier 18,Material 21
"Q4601
",Supplier 18,Material 22
"Q4601
",Supplier 18,Material 23
"Q4601
",Supplier 18,Material 26
"Q4601
",Supplier 18,Material 28
"Q4601
",Supplier 18,Material 3
"Q4601
",Supplier 18,Material 4
"Q4601
",Supplier 18,Material 5
"Q4601
",Supplier 18,Material 6
"Q4601
",Supplier 18,Material 7
"Q4601
",Supplier 18,Material 8
"Q4601
",Supplier 18,Material 9
Q4647,Supplier 4,Material 28
Q4647,Supplier 4,Material 9
Q4647,Supplier 9,Material 25
Q4647,Supplier 12,Material 10
Q4647,Supplier 12,Material 11
Q4647,Supplier 12,Material 17
Q4647,Supplier 12,Material 19
Q4647,Supplier 12,Material 27
Q4647,Supplier 12,Material 30
Q4647,Supplier 14,Material 1
Q4647,Supplier 14,Material 14
Q4647,Supplier 14,Material 15
Q4647,Supplier 14,Material 16
Q4647,Supplier 14,Material 18
Q4647,Supplier 14,Material 2
Q4647,Supplier 14,Material 20
Q4647,Supplier 14,Material 21
Q4647,Supplier 14,Material 22
Q4647,Supplier 14,Material 23
Q4647,Supplier 14,Material 24
Q4647,Supplier 14,Material 26
Q4647,Supplier 14,Material 29
Q4647,Supplier 14,Material 3
Q4647,Supplier 14,Material 4
Q4647,Supplier 14,Material 5
Q4647,Supplier 14,Material 6
Q4647,Supplier 14,Material 7
Q4647,Supplier 14,Material 8
Q4647,Supplier 19,Material 12
Q4647,Supplier 20,Material 13
Q4858,Supplier 1,Material 17
Q4858,Supplier 1,Material 25
Q4858,Supplier 2,Material 30
Q4858,Supplier 3,Material 24
Q4858,Supplier 3,Material 9
Q4858,Supplier 6,Material 28
Q4858,Supplier 6,Material 29
Q4858,Supplier 8,Material 1
Q4858,Supplier 8,Material 11
Q4858,Supplier 8,Material 13
Q4858,Supplier 8,Material 14
Q4858,Supplier 8,Material 16
Q4858,Supplier 8,Material 18
Q4858,Supplier 8,Material 19
Q4858,Supplier 8,Material 2
Q4858,Supplier 8,Material 20
Q4858,Supplier 8,Material 21
Q4858,Supplier 8,Material 22
Q4858,Supplier 8,Material 23
Q4858,Supplier 8,Material 26
Q4858,Supplier 8,Material 27
Q4858,Supplier 8,Material 3
Q4858,Supplier 8,Material 4
Q4858,Supplier 8,Material 5
Q4858,Supplier 8,Material 6
Q4858,Supplier 8,Material 7
Q4858,Supplier 8,Material 8
Q4858,Supplier 13,Material 10
Q4858,Supplier 13,Material 12
Q4858,Supplier 13,Material 15
V302994,Supplier 1,Material 17
V302994,Supplier 1,Material 25
V302994,Supplier 2,Material 10
V302994,Supplier 2,Material 11
V302994,Supplier 2,Material 24
V302994,Supplier 2,Material 28
V302994,Supplier 2,Material 3
V302994,Supplier 2,Material 30
V302994,Supplier 3,Material 12
V302994,Supplier 3,Material 9
V302994,Supplier 10,Material 1
V302994,Supplier 10,Material 13
V302994,Supplier 10,Material 14
V302994,Supplier 10,Material 16
V302994,Supplier 10,Material 18
V302994,Supplier 10,Material 19
V302994,Supplier 10,Material 2
V302994,Supplier 10,Material 20
V302994,Supplier 10,Material 21
V302994,Supplier 10,Material 22
V302994,Supplier 10,Material 23
V302994,Supplier 10,Material 26
V302994,Supplier 10,Material 27
V302994,Supplier 10,Material 29
V302994,Supplier 10,Material 4
V302994,Supplier 10,Material 5
V302994,Supplier 10,Material 6
V302994,Supplier 10,Material 7
V302994,Supplier 10,Material 8
V302994,Supplier 18,Material 15
V31166,Supplier 4,Material 1
V31166,Supplier 4,Material 10
V31166,Supplier 4,Material 14
V31166,Supplier 4,Material 16
V31166,Supplier 4,Material 18
V31166,Supplier 4,Material 2
V31166,Supplier 4,Material 20
V31166,Supplier 4,Material 21
V31166,Supplier 4,Material 22
V31166,Supplier 4,Material 23
V31166,Supplier 4,Material 26
V31166,Supplier 4,Material 28
V31166,Supplier 4,Material 4
V31166,Supplier 4,Material 5
V31166,Supplier 4,Material 6
V31166,Supplier 4,Material 7
V31166,Supplier 4,Material 8
V31166,Supplier 4,Material 9
V31166,Supplier 9,Material 17
V31166,Supplier 9,Material 25
V31166,Supplier 12,Material 11
V31166,Supplier 14,Material 15
V31166,Supplier 14,Material 24
V31166,Supplier 14,Material 29
V31166,Supplier 14,Material 3
V31166,Supplier 19,Material 12
V31166,Supplier 19,Material 19
V31166,Supplier 19,Material 27
V31166,Supplier 19,Material 30
V31166,Supplier 20,Material 13
V31616,Supplier 1,Material 17
V31616,Supplier 1,Material 25
V31616,Supplier 2,Material 10
V31616,Supplier 2,Material 24
V31616,Supplier 2,Material 28
V31616,Supplier 2,Material 3
V31616,Supplier 2,Material 30
V31616,Supplier 3,Material 12
V31616,Supplier 3,Material 9
V31616,Supplier 10,Material 19
V31616,Supplier 10,Material 27
V31616,Supplier 10,Material 29
V31616,Supplier 15,Material 13
V31616,Supplier 18,Material 1
V31616,Supplier 18,Material 11
V31616,Supplier 18,Material 14
V31616,Supplier 18,Material 15
V31616,Supplier 18,Material 16
V31616,Supplier 18,Material 18
V31616,Supplier 18,Material 2
V31616,Supplier 18,Material 20
V31616,Supplier 18,Material 21
V31616,Supplier 18,Material 22
V31616,Supplier 18,Material 23
V31616,Supplier 18,Material 26
V31616,Supplier 18,Material 4
V31616,Supplier 18,Material 5
V31616,Supplier 18,Material 6
V31616,Supplier 18,Material 7
V31616,Supplier 18,Material 8
V3340,Supplier 1,Material 17
V3340,Supplier 1,Material 25
V3340,Supplier 2,Material 30
V3340,Supplier 3,Material 1
V3340,Supplier 3,Material 10
V3340,Supplier 3,Material 11
V3340,Supplier 3,Material 12
V3340,Supplier 3,Material 14
V3340,Supplier 3,Material 15
V3340,Supplier 3,Material 16
V3340,Supplier 3,Material 18
V3340,Supplier 3,Material 2
V3340,Supplier 3,Material 20
V3340,Supplier 3,Material 21
V3340,Supplier 3,Material 22
V3340,Supplier 3,Material 23
V3340,Supplier 3,Material 24
V3340,Supplier 3,Material 26
V3340,Supplier 3,Material 28
V3340,Supplier 3,Material 4
V3340,Supplier 3,Material 5
V3340,Supplier 3,Material 6
V3340,Supplier 3,Material 7
V3340,Supplier 3,Material 8
V3340,Supplier 3,Material 9
V3340,Supplier 10,Material 13
V3340,Supplier 10,Material 19
V3340,Supplier 10,Material 27
V3340,Supplier 10,Material 29
V3340,Supplier 10,Material 3
